[{"model": "clinica.paciente", "pk": 2, "fields": {"nombre": "Jorge Elias Lau", "fecha_nacimiento": null, "email": "jorgejordanoeliaslau@gmail.com", "dni": "46814190", "telefono": "956980505", "direccion": null, "alergias_conocidas": "", "emfermedades_previas": "", "antecentes_quirurgicos": "", "antecedentes_familiares": "", "medicamentos_actuales": "", "habitos": "", "relato_clinico": "paciente con diagnostico de psoriasis hace 8 años, ultimos meses recibe metotrexate 6 tab semanales  seimebre y octubre deja de tomar y present adolore sy cambio ne las iñas", "edad": "34", "peso": "", "altura": "", "presion_arterial": "", "frecuencia_cardiaca": "", "frecuencia_respiratoria": "", "temperatura": "", "tipo_de_sangre": null, "descripcion_examen_fisico": "placas eriteamtosas en zona inguinal  derecha\r\nUña: mano izquierdo con mancha en aceite y onicolisi 30 % distal\r\n", "nombre_contacto_emergencia1": "", "telefono_contacto_emergencia1": "", "relacion_contacto_emergencia1": "", "nombre_contacto_emergencia2": "", "telefono_contacto_emergencia2": "", "relacion_contacto_emergencia2": "", "nombre_contacto_emergencia3": "", "telefono_contacto_emergencia3": "", "relacion_contacto_emergencia3": "", "created_at": "2025-12-15T12:30:15.994", "updated_at": "2025-12-15T12:37:12.916"}}, {"model": "clinica.paciente", "pk": 3, "fields": {"nombre": "Damaris Ariana Pineda Ramos", "fecha_nacimiento": null, "email": null, "dni": "76023359", "telefono": "922173005", "direccion": null, "alergias_conocidas": "", "emfermedades_previas": "", "antecentes_quirurgicos": "", "antecedentes_familiares": "", "medicamentos_actuales": "", "habitos": "", "relato_clinico": "Paciente toma acnotin 20 mg diario por 6 meses, deja de tomar hace 2 meses, hace 1 semana deja de usar skincare y nota brotes", "edad": null, "peso": "", "altura": "", "presion_arterial": "", "frecuencia_cardiaca": "", "frecuencia_respiratoria": "", "temperatura": "", "tipo_de_sangre": null, "descripcion_examen_fisico": "pustulas aisladas en frent y zona pretemporal\r\nccatrices en picahielo en zona pretemporal", "nombre_contacto_emergencia1": "", "telefono_contacto_emergencia1": "", "relacion_contacto_emergencia1": "", "nombre_contacto_emergencia2": "", "telefono_contacto_emergencia2": "", "relacion_contacto_emergencia2": "", "nombre_contacto_emergencia3": "", "telefono_contacto_emergencia3": "", "relacion_contacto_emergencia3": "", "created_at": "2025-12-16T15:22:32.000", "updated_at": "2025-12-16T15:37:26.856"}}, {"model": "clinica.paciente", "pk": 4, "fields": {"nombre": "Gina Luciana Benavides Marrou", "fecha_nacimiento": null, "email": null, "dni": "73166045", "telefono": "992244355 (madre)", "direccion": null, "alergias_conocidas": "", "emfermedades_previas": "", "antecentes_quirurgicos": "", "antecedentes_familiares": "", "medicamentos_actuales": "", "habitos": "", "relato_clinico": "Hace 1 semana lesion en axila izquierda que auments de volumen, luego de razurada ", "edad": "", "peso": "", "altura": "", "presion_arterial": "", "frecuencia_cardiaca": "", "frecuencia_respiratoria": "", "temperatura": "", "tipo_de_sangre": null, "descripcion_examen_fisico": "Abceso en zona nasal", "nombre_contacto_emergencia1": "", "telefono_contacto_emergencia1": "", "relacion_contacto_emergencia1": "", "nombre_contacto_emergencia2": "", "telefono_contacto_emergencia2": "", "relacion_contacto_emergencia2": "", "nombre_contacto_emergencia3": "", "telefono_contacto_emergencia3": "", "relacion_contacto_emergencia3": "", "created_at": "2025-12-16T16:52:49.754", "updated_at": "2026-01-09T16:27:54.727"}}, {"model": "clinica.paciente", "pk": 5, "fields": {"nombre": "Evelyn Venturo Gamarra", "fecha_nacimiento": null, "email": null, "dni": null, "telefono": null, "direccion": null, "alergias_conocidas": "Niega", "emfermedades_previas": "rinitis", "antecentes_quirurgicos": "", "antecedentes_familiares": "", "medicamentos_actuales": "Loratadina", "habitos": "", "relato_clinico": "placas eritematodescamativa en frente cejas y labio supeiror", "edad": "49", "peso": "", "altura": "", "presion_arterial": "", "frecuencia_cardiaca": "", "frecuencia_respiratoria": "", "temperatura": "", "tipo_de_sangre": null, "descripcion_examen_fisico": "placas eritematosas en frente algunas ronchoides", "nombre_contacto_emergencia1": "", "telefono_contacto_emergencia1": "", "relacion_contacto_emergencia1": "", "nombre_contacto_emergencia2": "", "telefono_contacto_emergencia2": "", "relacion_contacto_emergencia2": "", "nombre_contacto_emergencia3": "", "telefono_contacto_emergencia3": "", "relacion_contacto_emergencia3": "", "created_at": "2025-12-18T16:45:27.135", "updated_at": "2026-01-06T17:41:22.141"}}, {"model": "clinica.paciente", "pk": 6, "fields": {"nombre": "Mario Luis Lopez Succar", "fecha_nacimiento": null, "email": "", "dni": "06105992", "telefono": "991164478", "direccion": "", "alergias_conocidas": "niega", "emfermedades_previas": "Infarto coronario, HTA, hace 15 años ACV", "antecentes_quirurgicos": "", "antecedentes_familiares": "", "medicamentos_actuales": "Alfametil dopa, Valsartan, Atorvastatina 40 mg, clopidrogel, bisoprolol 1/2 tableta", "habitos": "operador turístico", "relato_clinico": "Paciente con historia de ulcera en pie , luego de rascado que genera, ocasionaba dolor, la cual va empeorando, tom ketorolaco a grandes dosis, actualemente toma pregabalina 150 mg,\r\nAcude a infectologo, le indican dapsona 50 mg dos vecesal dia", "edad": null, "peso": "", "altura": "", "presion_arterial": "", "frecuencia_cardiaca": "", "frecuencia_respiratoria": "", "temperatura": "", "tipo_de_sangre": "", "descripcion_examen_fisico": "Resultado de patología, dr Bravo: ulcera crónica, no neoplasia\r\nUlceras cn bordes violaceos y centro con esfacelo con mal olor y secreción,\r\nEdema en pies , no se llega a palpar pulso", "nombre_contacto_emergencia1": "", "telefono_contacto_emergencia1": "", "relacion_contacto_emergencia1": "", "nombre_contacto_emergencia2": "", "telefono_contacto_emergencia2": "", "relacion_contacto_emergencia2": "", "nombre_contacto_emergencia3": "", "telefono_contacto_emergencia3": "", "relacion_contacto_emergencia3": "", "created_at": "2025-12-18T17:33:17.247", "updated_at": "2025-12-18T17:56:42.677"}}, {"model": "clinica.paciente", "pk": 7, "fields": {"nombre": "Salvado Rafel Lupa Arce", "fecha_nacimiento": null, "email": "16 años", "dni": "73398006", "telefono": "987565559", "direccion": null, "alergias_conocidas": "", "emfermedades_previas": "", "antecentes_quirurgicos": "", "antecedentes_familiares": "", "medicamentos_actuales": "", "habitos": "", "relato_clinico": "hace 1 año presenta acne, toma isotretinoina 20 mg por 6 mses de 20 y 40 mg, con lo que mejora,", "edad": "16", "peso": "", "altura": "", "presion_arterial": "", "frecuencia_cardiaca": "", "frecuencia_respiratoria": "", "temperatura": "", "tipo_de_sangre": null, "descripcion_examen_fisico": "Pustulas en frente y en lado malar, \r\nEn espalda dermatosis neglecta", "nombre_contacto_emergencia1": "", "telefono_contacto_emergencia1": "", "relacion_contacto_emergencia1": "", "nombre_contacto_emergencia2": "", "telefono_contacto_emergencia2": "", "relacion_contacto_emergencia2": "", "nombre_contacto_emergencia3": "", "telefono_contacto_emergencia3": "", "relacion_contacto_emergencia3": "", "created_at": "2025-12-19T18:34:43.484", "updated_at": "2025-12-19T18:48:19.193"}}, {"model": "clinica.paciente", "pk": 8, "fields": {"nombre": "Gisella Del Pilar Zuñiga Moreno", "fecha_nacimiento": null, "email": "gizmo272829@gmail.com", "dni": "29336269", "telefono": "959301782", "direccion": null, "alergias_conocidas": "Niega", "emfermedades_previas": "", "antecentes_quirurgicos": "", "antecedentes_familiares": "", "medicamentos_actuales": "", "habitos": "", "relato_clinico": "manchas grisaceas en cuello y frente, con resultado de biopsia de dermatitis cenicienta, se intento dar metotrexate 6 tab semanales , con lo cual no nuevas lesiones, ha disminuido prurito,", "edad": "61", "peso": "", "altura": "", "presion_arterial": "", "frecuencia_cardiaca": "", "frecuencia_respiratoria": "", "temperatura": "", "tipo_de_sangre": null, "descripcion_examen_fisico": "Mancahs grisaceas en cuello en frente\r\nEl día de hoy parpado rojos", "nombre_contacto_emergencia1": "", "telefono_contacto_emergencia1": "", "relacion_contacto_emergencia1": "", "nombre_contacto_emergencia2": "", "telefono_contacto_emergencia2": "", "relacion_contacto_emergencia2": "", "nombre_contacto_emergencia3": "", "telefono_contacto_emergencia3": "", "relacion_contacto_emergencia3": "", "created_at": "2025-12-22T10:26:28.822", "updated_at": "2025-12-22T10:35:31.328"}}, {"model": "clinica.paciente", "pk": 9, "fields": {"nombre": "Sofia Valert Fort", "fecha_nacimiento": null, "email": null, "dni": "78290954", "telefono": "+14703990473", "direccion": "usa", "alergias_conocidas": "Canela", "emfermedades_previas": "", "antecentes_quirurgicos": "", "antecedentes_familiares": "", "medicamentos_actuales": "", "habitos": "", "relato_clinico": "Paciente con bruxismo, que se coloco toxina botulinica 24  unidades en agosto del 2024, la que ayudo , vuelve a presentar bruxismo", "edad": "25", "peso": "", "altura": "", "presion_arterial": "", "frecuencia_cardiaca": "", "frecuencia_respiratoria": "", "temperatura": "", "tipo_de_sangre": null, "descripcion_examen_fisico": "Aumento de volumen en zona mandibular", "nombre_contacto_emergencia1": "", "telefono_contacto_emergencia1": "", "relacion_contacto_emergencia1": "", "nombre_contacto_emergencia2": "", "telefono_contacto_emergencia2": "", "relacion_contacto_emergencia2": "", "nombre_contacto_emergencia3": "", "telefono_contacto_emergencia3": "", "relacion_contacto_emergencia3": "", "created_at": "2025-12-22T11:08:48.883", "updated_at": "2025-12-22T11:10:43.287"}}, {"model": "clinica.paciente", "pk": 10, "fields": {"nombre": "Jorge Luis Torrejón Herencia", "fecha_nacimiento": null, "email": null, "dni": "73368559", "telefono": "933284776", "direccion": null, "alergias_conocidas": "niega", "emfermedades_previas": "", "antecentes_quirurgicos": "", "antecedentes_familiares": "", "medicamentos_actuales": "", "habitos": "", "relato_clinico": "Paciente con cicatrices de acne en zona mandibular  derecha, que se realiza laser co2 en una oportunidad, luego se dja rutina, que ultimas semanas no utiliza", "edad": "21", "peso": "", "altura": "", "presion_arterial": "", "frecuencia_cardiaca": "", "frecuencia_respiratoria": "", "temperatura": "", "tipo_de_sangre": null, "descripcion_examen_fisico": "Comedones abiertos en nariz \r\nCicatirz enzona mandibular con eritema y elevacion", "nombre_contacto_emergencia1": "", "telefono_contacto_emergencia1": "", "relacion_contacto_emergencia1": "", "nombre_contacto_emergencia2": "", "telefono_contacto_emergencia2": "", "relacion_contacto_emergencia2": "", "nombre_contacto_emergencia3": "", "telefono_contacto_emergencia3": "", "relacion_contacto_emergencia3": "", "created_at": "2025-12-22T12:36:03.231", "updated_at": "2025-12-22T13:04:01.699"}}, {"model": "clinica.paciente", "pk": 11, "fields": {"nombre": "Daniela Valdivieso Herrera", "fecha_nacimiento": null, "email": "dvaldiviesoh@gmail.com", "dni": "76385724", "telefono": "+51987762285", "direccion": null, "alergias_conocidas": "niega", "emfermedades_previas": "", "antecentes_quirurgicos": "", "antecedentes_familiares": "", "medicamentos_actuales": "", "habitos": "", "relato_clinico": "DEscamacion en zona peringueal , heridas por arranque en piel\r\nUña primer dedo mano izquierda: melanoniquia", "edad": "27", "peso": "", "altura": "", "presion_arterial": "", "frecuencia_cardiaca": "", "frecuencia_respiratoria": "", "temperatura": "", "tipo_de_sangre": null, "descripcion_examen_fisico": "Estria melanotica de 2mm de ancho, color marrón simétrico", "nombre_contacto_emergencia1": "", "telefono_contacto_emergencia1": "", "relacion_contacto_emergencia1": "", "nombre_contacto_emergencia2": "", "telefono_contacto_emergencia2": "", "relacion_contacto_emergencia2": "", "nombre_contacto_emergencia3": "", "telefono_contacto_emergencia3": "", "relacion_contacto_emergencia3": "", "created_at": "2025-12-22T13:07:29.458", "updated_at": "2025-12-23T16:45:31.994"}}, {"model": "clinica.paciente", "pk": 12, "fields": {"nombre": "Sofia Rumaldo Condori", "fecha_nacimiento": null, "email": null, "dni": "71837162", "telefono": "3302576324", "direccion": null, "alergias_conocidas": "Niega", "emfermedades_previas": "", "antecentes_quirurgicos": "", "antecedentes_familiares": "", "medicamentos_actuales": "", "habitos": "", "relato_clinico": "Paciente con historia de dermatitis perioral", "edad": "26", "peso": "", "altura": "", "presion_arterial": "", "frecuencia_cardiaca": "", "frecuencia_respiratoria": "", "temperatura": "", "tipo_de_sangre": null, "descripcion_examen_fisico": "Manchas en zona perioral. comedones abiertos", "nombre_contacto_emergencia1": "", "telefono_contacto_emergencia1": "", "relacion_contacto_emergencia1": "", "nombre_contacto_emergencia2": "", "telefono_contacto_emergencia2": "", "relacion_contacto_emergencia2": "", "nombre_contacto_emergencia3": "", "telefono_contacto_emergencia3": "", "relacion_contacto_emergencia3": "", "created_at": "2025-12-23T16:51:52.700", "updated_at": "2025-12-23T17:04:27.128"}}, {"model": "clinica.paciente", "pk": 13, "fields": {"nombre": "Ximena Anco Carrillo", "fecha_nacimiento": null, "email": null, "dni": "73184682", "telefono": "998161010", "direccion": null, "alergias_conocidas": "Niega", "emfermedades_previas": "", "antecentes_quirurgicos": "", "antecedentes_familiares": "", "medicamentos_actuales": "", "habitos": "", "relato_clinico": "Paciente presenta lesiones descamativas en zona interdigital en mano derecha, y parpado izquierdo", "edad": "23", "peso": "", "altura": "", "presion_arterial": "", "frecuencia_cardiaca": "", "frecuencia_respiratoria": "", "temperatura": "", "tipo_de_sangre": null, "descripcion_examen_fisico": "Placas descamativas en zona interdigital mano derecha con liquenificacion\r\nAntebrazos descamacion fina\r\nParpados  placa descamativa en parpado", "nombre_contacto_emergencia1": "", "telefono_contacto_emergencia1": "", "relacion_contacto_emergencia1": "", "nombre_contacto_emergencia2": "", "telefono_contacto_emergencia2": "", "relacion_contacto_emergencia2": "", "nombre_contacto_emergencia3": "", "telefono_contacto_emergencia3": "", "relacion_contacto_emergencia3": "", "created_at": "2025-12-30T16:40:19.319", "updated_at": "2025-12-30T17:00:41.934"}}, {"model": "clinica.paciente", "pk": 14, "fields": {"nombre": "Gabriel Antonio Torres López", "fecha_nacimiento": null, "email": null, "dni": "77593548", "telefono": "975429207", "direccion": null, "alergias_conocidas": "Niega", "emfermedades_previas": "niega", "antecentes_quirurgicos": "", "antecedentes_familiares": "", "medicamentos_actuales": "Sertralina 50 mg (ansiedad)", "habitos": "", "relato_clinico": "Paciente conhistoria de lesiones prurignosas eccematosas , hace 2 meses presenta lesiones en frente se tomo biopsia y resultado eccema", "edad": "13", "peso": "", "altura": "", "presion_arterial": "", "frecuencia_cardiaca": "", "frecuencia_respiratoria": "", "temperatura": "", "tipo_de_sangre": null, "descripcion_examen_fisico": "", "nombre_contacto_emergencia1": "", "telefono_contacto_emergencia1": "", "relacion_contacto_emergencia1": "", "nombre_contacto_emergencia2": "", "telefono_contacto_emergencia2": "", "relacion_contacto_emergencia2": "", "nombre_contacto_emergencia3": "", "telefono_contacto_emergencia3": "", "relacion_contacto_emergencia3": "", "created_at": "2025-12-30T17:28:06.697", "updated_at": "2025-12-30T17:50:59.695"}}, {"model": "clinica.paciente", "pk": 15, "fields": {"nombre": "Freddy Marcelino Villajuan Quiñones", "fecha_nacimiento": null, "email": null, "dni": "41899880", "telefono": "987532238", "direccion": null, "alergias_conocidas": "no", "emfermedades_previas": "no", "antecentes_quirurgicos": "", "antecedentes_familiares": "", "medicamentos_actuales": "no", "habitos": "", "relato_clinico": "Lesion pigmentada en dorso nasal hace 1 año que aumenta de tamaño y sangra", "edad": "44", "peso": "", "altura": "", "presion_arterial": "", "frecuencia_cardiaca": "", "frecuencia_respiratoria": "", "temperatura": "", "tipo_de_sangre": null, "descripcion_examen_fisico": "placa con suoperficie irregular un borde llama la atenicon con globulos pgmetnarios", "nombre_contacto_emergencia1": "", "telefono_contacto_emergencia1": "", "relacion_contacto_emergencia1": "", "nombre_contacto_emergencia2": "", "telefono_contacto_emergencia2": "", "relacion_contacto_emergencia2": "", "nombre_contacto_emergencia3": "", "telefono_contacto_emergencia3": "", "relacion_contacto_emergencia3": "", "created_at": "2025-12-30T18:28:49.620", "updated_at": "2025-12-30T18:33:53.610"}}, {"model": "clinica.paciente", "pk": 16, "fields": {"nombre": "Lasissa Mitie Yui", "fecha_nacimiento": null, "email": null, "dni": null, "telefono": null, "direccion": null, "alergias_conocidas": "", "emfermedades_previas": "", "antecentes_quirurgicos": "", "antecedentes_familiares": "", "medicamentos_actuales": "", "habitos": "", "relato_clinico": "lesiones eritematosas alrededrode la boca", "edad": null, "peso": "", "altura": "", "presion_arterial": "", "frecuencia_cardiaca": "", "frecuencia_respiratoria": "", "temperatura": "", "tipo_de_sangre": null, "descripcion_examen_fisico": "papulas eritematosas en zona perioral", "nombre_contacto_emergencia1": "", "telefono_contacto_emergencia1": "", "relacion_contacto_emergencia1": "", "nombre_contacto_emergencia2": "", "telefono_contacto_emergencia2": "", "relacion_contacto_emergencia2": "", "nombre_contacto_emergencia3": "", "telefono_contacto_emergencia3": "", "relacion_contacto_emergencia3": "", "created_at": "2025-12-30T18:48:42.591", "updated_at": "2025-12-30T19:24:56.641"}}, {"model": "clinica.paciente", "pk": 17, "fields": {"nombre": "Diego Morales  Luna", "fecha_nacimiento": null, "email": null, "dni": "71686673", "telefono": "989883696", "direccion": null, "alergias_conocidas": "", "emfermedades_previas": "dermatitis atopica", "antecentes_quirurgicos": "", "antecedentes_familiares": "", "medicamentos_actuales": "", "habitos": "", "relato_clinico": "Paciente con acne que recibe tratamietno con acnotin 20 mg de acntoin desde noviembre 2024 \r\nal ¿fecha dosis acumulada 9600", "edad": "17", "peso": "", "altura": "", "presion_arterial": "", "frecuencia_cardiaca": "", "frecuencia_respiratoria": "", "temperatura": "", "tipo_de_sangre": null, "descripcion_examen_fisico": "placas eccematosas en bordes de lbioos y ne menton\r\npequeñas pustulas en mejillas", "nombre_contacto_emergencia1": "", "telefono_contacto_emergencia1": "", "relacion_contacto_emergencia1": "", "nombre_contacto_emergencia2": "", "telefono_contacto_emergencia2": "", "relacion_contacto_emergencia2": "", "nombre_contacto_emergencia3": "", "telefono_contacto_emergencia3": "", "relacion_contacto_emergencia3": "", "created_at": "2025-12-30T19:29:33.936", "updated_at": "2025-12-30T19:39:46.904"}}, {"model": "clinica.paciente", "pk": 18, "fields": {"nombre": "Ximena Alegra Padilla", "fecha_nacimiento": null, "email": null, "dni": null, "telefono": "980705059", "direccion": null, "alergias_conocidas": "Niega", "emfermedades_previas": "", "antecentes_quirurgicos": "", "antecedentes_familiares": "", "medicamentos_actuales": "Cheltin folic", "habitos": "", "relato_clinico": "Paciente con acne tardo, recibio tratamiento con pastillas y efacalr el cual irrito, pliegue inframamario eritema y prurito,\r\nUñas de pies cona lateraciones", "edad": null, "peso": "", "altura": "", "presion_arterial": "", "frecuencia_cardiaca": "", "frecuencia_respiratoria": "", "temperatura": "", "tipo_de_sangre": null, "descripcion_examen_fisico": "Cara: Papulas y micropustulas en mejillas y en zona mandibular , algunas cicatrices\r\nMama : mancahs masrrones en pliegue inframamrio\r\nUña 4to dedo pie derecho ", "nombre_contacto_emergencia1": "", "telefono_contacto_emergencia1": "", "relacion_contacto_emergencia1": "", "nombre_contacto_emergencia2": "", "telefono_contacto_emergencia2": "", "relacion_contacto_emergencia2": "", "nombre_contacto_emergencia3": "", "telefono_contacto_emergencia3": "", "relacion_contacto_emergencia3": "", "created_at": "2026-01-05T10:43:37.352", "updated_at": "2026-01-05T10:59:51.730"}}, {"model": "clinica.paciente", "pk": 19, "fields": {"nombre": "Marco Antonio Silva Perez", "fecha_nacimiento": null, "email": null, "dni": null, "telefono": null, "direccion": null, "alergias_conocidas": "Niega", "emfermedades_previas": "", "antecentes_quirurgicos": "", "antecedentes_familiares": "", "medicamentos_actuales": "", "habitos": "", "relato_clinico": "Paciente que en octubre 2025 recibetratamiento con minociclina 100mg diario por 1 mes y duotex gel y normaderm", "edad": "20", "peso": "", "altura": "", "presion_arterial": "", "frecuencia_cardiaca": "", "frecuencia_respiratoria": "", "temperatura": "", "tipo_de_sangre": null, "descripcion_examen_fisico": "quiste de millio en zona malar derehca , que se retira\r\nmanchas en frente", "nombre_contacto_emergencia1": "", "telefono_contacto_emergencia1": "", "relacion_contacto_emergencia1": "", "nombre_contacto_emergencia2": "", "telefono_contacto_emergencia2": "", "relacion_contacto_emergencia2": "", "nombre_contacto_emergencia3": "", "telefono_contacto_emergencia3": "", "relacion_contacto_emergencia3": "", "created_at": "2026-01-05T11:23:16.988", "updated_at": "2026-01-05T11:34:41.562"}}, {"model": "clinica.paciente", "pk": 20, "fields": {"nombre": "Camila Cuba Perez", "fecha_nacimiento": null, "email": null, "dni": null, "telefono": "997948240", "direccion": null, "alergias_conocidas": "Niega", "emfermedades_previas": "Asma , Rinitis, Estreñimiento", "antecentes_quirurgicos": "", "antecedentes_familiares": "", "medicamentos_actuales": "", "habitos": "", "relato_clinico": "Paciente con rutina de normaderm limpiador y serum", "edad": "15", "peso": "", "altura": "", "presion_arterial": "", "frecuencia_cardiaca": "", "frecuencia_respiratoria": "", "temperatura": "", "tipo_de_sangre": null, "descripcion_examen_fisico": "comedones abierto en mejillas y en nariz\r\nCicatriz en antebrao derecho", "nombre_contacto_emergencia1": "", "telefono_contacto_emergencia1": "", "relacion_contacto_emergencia1": "", "nombre_contacto_emergencia2": "", "telefono_contacto_emergencia2": "", "relacion_contacto_emergencia2": "", "nombre_contacto_emergencia3": "", "telefono_contacto_emergencia3": "", "relacion_contacto_emergencia3": "", "created_at": "2026-01-05T11:43:24.595", "updated_at": "2026-01-05T12:41:11.271"}}, {"model": "clinica.paciente", "pk": 21, "fields": {"nombre": "Giuliana Padilla Alava", "fecha_nacimiento": null, "email": null, "dni": "09629153", "telefono": "997392047", "direccion": null, "alergias_conocidas": "Crustaceos ( shock anafilactico)", "emfermedades_previas": "Rinitis, asma", "antecentes_quirurgicos": "Nariz, liposuccion , implantes mamarios, implantes gluteos, blefaroplastia, hilos tensores, botox y acido hialuronico", "antecedentes_familiares": "", "medicamentos_actuales": "Minias", "habitos": "Aceite dermatologico, acido hialuronico, y fotoprotector", "relato_clinico": "Hace 1 año presenta eritema en zona frontal, con prurito, solo con cremas y no pasa, además  en labio y zona medial", "edad": "56", "peso": "", "altura": "", "presion_arterial": "", "frecuencia_cardiaca": "", "frecuencia_respiratoria": "", "temperatura": "", "tipo_de_sangre": null, "descripcion_examen_fisico": "Descamacion en cuero cabelludo, placas descamativas en menton", "nombre_contacto_emergencia1": "", "telefono_contacto_emergencia1": "", "relacion_contacto_emergencia1": "", "nombre_contacto_emergencia2": "", "telefono_contacto_emergencia2": "", "relacion_contacto_emergencia2": "", "nombre_contacto_emergencia3": "", "telefono_contacto_emergencia3": "", "relacion_contacto_emergencia3": "", "created_at": "2026-01-06T16:25:45.104", "updated_at": "2026-01-06T16:52:58.536"}}, {"model": "clinica.paciente", "pk": 22, "fields": {"nombre": "Nataly Mostacero Montalvo", "fecha_nacimiento": null, "email": null, "dni": "431696163", "telefono": "987300439", "direccion": null, "alergias_conocidas": "Meloxicam", "emfermedades_previas": "Prediabetes", "antecentes_quirurgicos": "", "antecedentes_familiares": "Papa y mama DM", "medicamentos_actuales": "Ozempic (inicio 3/12/25)", "habitos": "Sesbalance, active unify, tónico, usa sensynes, maquillaje velvet", "relato_clinico": "Paciente acude por presentar hace 2 semanas prurito y descamación, depsues de eritema, toma antihistaminicos, solo se aplica cicaplast", "edad": "40", "peso": "", "altura": "", "presion_arterial": "", "frecuencia_cardiaca": "", "frecuencia_respiratoria": "", "temperatura": "", "tipo_de_sangre": null, "descripcion_examen_fisico": "Descamacion en zona mandibular", "nombre_contacto_emergencia1": "", "telefono_contacto_emergencia1": "", "relacion_contacto_emergencia1": "", "nombre_contacto_emergencia2": "", "telefono_contacto_emergencia2": "", "relacion_contacto_emergencia2": "", "nombre_contacto_emergencia3": "", "telefono_contacto_emergencia3": "", "relacion_contacto_emergencia3": "", "created_at": "2026-01-06T17:03:19.347", "updated_at": "2026-01-06T17:19:29.873"}}, {"model": "clinica.paciente", "pk": 23, "fields": {"nombre": "Lorena Zegarra Tafur", "fecha_nacimiento": null, "email": null, "dni": null, "telefono": null, "direccion": null, "alergias_conocidas": "Niega", "emfermedades_previas": "Tiroiditis de hashimoto", "antecentes_quirurgicos": "", "antecedentes_familiares": "", "medicamentos_actuales": "", "habitos": "C ferulic, phytocorrective,", "relato_clinico": "Hace un mes hace tratamiento con md med, lo que genera gran irritación y le indicación acido tranexámico 250 mg, indican preparado con tranexámico que causa prurito no mejora", "edad": "40", "peso": "", "altura": "", "presion_arterial": "", "frecuencia_cardiaca": "", "frecuencia_respiratoria": "", "temperatura": "", "tipo_de_sangre": null, "descripcion_examen_fisico": "manchas mucho mas tenues, en ambas mejillas", "nombre_contacto_emergencia1": "", "telefono_contacto_emergencia1": "", "relacion_contacto_emergencia1": "", "nombre_contacto_emergencia2": "", "telefono_contacto_emergencia2": "", "relacion_contacto_emergencia2": "", "nombre_contacto_emergencia3": "", "telefono_contacto_emergencia3": "", "relacion_contacto_emergencia3": "", "created_at": "2026-01-06T17:50:32.422", "updated_at": "2026-01-06T18:52:19.370"}}, {"model": "clinica.paciente", "pk": 24, "fields": {"nombre": "Elena Zoila Maguiña Huerta", "fecha_nacimiento": null, "email": "edad:71", "dni": "08601808", "telefono": "931190412", "direccion": null, "alergias_conocidas": "", "emfermedades_previas": "hta", "antecentes_quirurgicos": "", "antecedentes_familiares": "", "medicamentos_actuales": "Iltus", "habitos": "Aceite de bebe", "relato_clinico": "Presenta puntos rojos en mejillas hace 1 mes, le causa prurito\r\nMAnchas en manos", "edad": "71", "peso": "", "altura": "", "presion_arterial": "", "frecuencia_cardiaca": "", "frecuencia_respiratoria": "", "temperatura": "", "tipo_de_sangre": null, "descripcion_examen_fisico": "Lentigos en rostro\r\nPapulas eritematosas en mejilla derecha", "nombre_contacto_emergencia1": "", "telefono_contacto_emergencia1": "", "relacion_contacto_emergencia1": "", "nombre_contacto_emergencia2": "", "telefono_contacto_emergencia2": "", "relacion_contacto_emergencia2": "", "nombre_contacto_emergencia3": "", "telefono_contacto_emergencia3": "", "relacion_contacto_emergencia3": "", "created_at": "2026-01-06T19:05:40.932", "updated_at": "2026-01-06T20:33:53.074"}}, {"model": "clinica.paciente", "pk": 25, "fields": {"nombre": "Irma Soccola Kcomt", "fecha_nacimiento": null, "email": null, "dni": null, "telefono": null, "direccion": null, "alergias_conocidas": "", "emfermedades_previas": "", "antecentes_quirurgicos": "", "antecedentes_familiares": "", "medicamentos_actuales": "", "habitos": "", "relato_clinico": "lesines en rostro", "edad": "46", "peso": "", "altura": "", "presion_arterial": "", "frecuencia_cardiaca": "", "frecuencia_respiratoria": "", "temperatura": "", "tipo_de_sangre": null, "descripcion_examen_fisico": "Mancahs", "nombre_contacto_emergencia1": "", "telefono_contacto_emergencia1": "", "relacion_contacto_emergencia1": "", "nombre_contacto_emergencia2": "", "telefono_contacto_emergencia2": "", "relacion_contacto_emergencia2": "", "nombre_contacto_emergencia3": "", "telefono_contacto_emergencia3": "", "relacion_contacto_emergencia3": "", "created_at": "2026-01-07T11:19:53.404", "updated_at": "2026-01-07T11:21:41.429"}}, {"model": "clinica.paciente", "pk": 26, "fields": {"nombre": "Yohaira Bacilio Cuba", "fecha_nacimiento": null, "email": null, "dni": "71419074", "telefono": "988544882", "direccion": null, "alergias_conocidas": null, "emfermedades_previas": null, "antecentes_quirurgicos": null, "antecedentes_familiares": null, "medicamentos_actuales": null, "habitos": null, "relato_clinico": "", "edad": null, "peso": null, "altura": null, "presion_arterial": null, "frecuencia_cardiaca": null, "frecuencia_respiratoria": null, "temperatura": null, "tipo_de_sangre": null, "descripcion_examen_fisico": "", "nombre_contacto_emergencia1": null, "telefono_contacto_emergencia1": null, "relacion_contacto_emergencia1": null, "nombre_contacto_emergencia2": null, "telefono_contacto_emergencia2": null, "relacion_contacto_emergencia2": null, "nombre_contacto_emergencia3": null, "telefono_contacto_emergencia3": null, "relacion_contacto_emergencia3": null, "created_at": "2026-01-07T12:05:34.889", "updated_at": "2026-01-07T12:05:34.889"}}, {"model": "clinica.paciente", "pk": 27, "fields": {"nombre": "Roberto Moncada Guanilo", "fecha_nacimiento": null, "email": "75 años", "dni": null, "telefono": "999462092", "direccion": null, "alergias_conocidas": "Mariscos??", "emfermedades_previas": "Higado graso, artrosis cervical hace 1 año", "antecentes_quirurgicos": "", "antecedentes_familiares": "", "medicamentos_actuales": "Glucosamine", "habitos": "", "relato_clinico": "Prurito en cuero cabelludo de 1 año  de evolucion, recibe tratamietno con lo que no calma,", "edad": "75", "peso": "", "altura": "", "presion_arterial": "", "frecuencia_cardiaca": "", "frecuencia_respiratoria": "", "temperatura": "", "tipo_de_sangre": null, "descripcion_examen_fisico": "Placas con escama plateada en cuero cabelludo, a predominio zona occipital", "nombre_contacto_emergencia1": "", "telefono_contacto_emergencia1": "", "relacion_contacto_emergencia1": "", "nombre_contacto_emergencia2": "", "telefono_contacto_emergencia2": "", "relacion_contacto_emergencia2": "", "nombre_contacto_emergencia3": "", "telefono_contacto_emergencia3": "", "relacion_contacto_emergencia3": "", "created_at": "2026-01-08T16:44:51.035", "updated_at": "2026-01-08T16:46:34.831"}}, {"model": "clinica.paciente", "pk": 28, "fields": {"nombre": "Matias Peinado VAsquez", "fecha_nacimiento": null, "email": null, "dni": null, "telefono": "926085557 - 968408650", "direccion": null, "alergias_conocidas": "Niega", "emfermedades_previas": "", "antecentes_quirurgicos": "", "antecedentes_familiares": "", "medicamentos_actuales": "", "habitos": "Jabon y bloqueador", "relato_clinico": "Pacient es visto hace 1 año se da tto con doxiciclina , con lo que mejora pero al dejar de tomar vuelve a aparecer, deja cicatrices a predominio de zona temporal", "edad": "16", "peso": "", "altura": "", "presion_arterial": "", "frecuencia_cardiaca": "", "frecuencia_respiratoria": "", "temperatura": "", "tipo_de_sangre": null, "descripcion_examen_fisico": "Nódulos en nariz y en mentón", "nombre_contacto_emergencia1": "", "telefono_contacto_emergencia1": "", "relacion_contacto_emergencia1": "", "nombre_contacto_emergencia2": "", "telefono_contacto_emergencia2": "", "relacion_contacto_emergencia2": "", "nombre_contacto_emergencia3": "", "telefono_contacto_emergencia3": "", "relacion_contacto_emergencia3": "", "created_at": "2026-01-08T16:55:05.928", "updated_at": "2026-01-08T17:06:51.497"}}, {"model": "clinica.paciente", "pk": 29, "fields": {"nombre": "Sofia Fernanda Peinado Vasquez", "fecha_nacimiento": null, "email": null, "dni": null, "telefono": "985940243", "direccion": "huancayo", "alergias_conocidas": "Niega", "emfermedades_previas": "Niega", "antecentes_quirurgicos": "", "antecedentes_familiares": "", "medicamentos_actuales": "", "habitos": "", "relato_clinico": "presetna brotes de acne hace 3 años, no recibe tratamientos solo limpiador de cerave, empeora con la regla , irregular", "edad": "14", "peso": "", "altura": "", "presion_arterial": "", "frecuencia_cardiaca": "", "frecuencia_respiratoria": "", "temperatura": "", "tipo_de_sangre": null, "descripcion_examen_fisico": "comedones en nariz y labio superior, pustulas en frente y en mejilla central", "nombre_contacto_emergencia1": "", "telefono_contacto_emergencia1": "", "relacion_contacto_emergencia1": "", "nombre_contacto_emergencia2": "", "telefono_contacto_emergencia2": "", "relacion_contacto_emergencia2": "", "nombre_contacto_emergencia3": "", "telefono_contacto_emergencia3": "", "relacion_contacto_emergencia3": "", "created_at": "2026-01-08T17:12:55.768", "updated_at": "2026-01-08T17:23:14.010"}}, {"model": "clinica.paciente", "pk": 30, "fields": {"nombre": "Sofia Pizarro Fernandez", "fecha_nacimiento": null, "email": null, "dni": null, "telefono": "957249262", "direccion": null, "alergias_conocidas": "", "emfermedades_previas": "", "antecentes_quirurgicos": "", "antecedentes_familiares": "", "medicamentos_actuales": "", "habitos": "", "relato_clinico": "Paciente con sequedad de rostro, que recibio tratamietno con cremas hidratantes hialuronic moisture , uriage eua thermale", "edad": "25", "peso": "", "altura": "", "presion_arterial": "", "frecuencia_cardiaca": "", "frecuencia_respiratoria": "", "temperatura": "", "tipo_de_sangre": null, "descripcion_examen_fisico": "micropapulas en mejillas \r\npestañas con demodex", "nombre_contacto_emergencia1": "", "telefono_contacto_emergencia1": "", "relacion_contacto_emergencia1": "", "nombre_contacto_emergencia2": "", "telefono_contacto_emergencia2": "", "relacion_contacto_emergencia2": "", "nombre_contacto_emergencia3": "", "telefono_contacto_emergencia3": "", "relacion_contacto_emergencia3": "", "created_at": "2026-01-08T18:13:57.628", "updated_at": "2026-01-08T18:27:33.844"}}, {"model": "clinica.paciente", "pk": 31, "fields": {"nombre": "Milagros Alva Lopez", "fecha_nacimiento": "1999-10-25", "email": "", "dni": "70818278", "telefono": "935971949", "direccion": "", "alergias_conocidas": "Nieg", "emfermedades_previas": "", "antecentes_quirurgicos": "", "antecedentes_familiares": "", "medicamentos_actuales": "", "habitos": "", "relato_clinico": "PAciente co nacne que en novimebre del 2025 se indica acnotin 20 mg diario, de forma continua, con lo que ha mejorado, aun presenta brote de leisones pero pequeñas , que secan con differin, labios secos\r\nNo otros sintomas", "edad": "26", "peso": "", "altura": "", "presion_arterial": "", "frecuencia_cardiaca": "", "frecuencia_respiratoria": "", "temperatura": "", "tipo_de_sangre": "", "descripcion_examen_fisico": "Pocas manchas en fernte y en zona preauricular, 2 pequeñas papulas en frent ey mejillas\r\npapulas fibrosas en nariz", "nombre_contacto_emergencia1": "", "telefono_contacto_emergencia1": "", "relacion_contacto_emergencia1": "", "nombre_contacto_emergencia2": "", "telefono_contacto_emergencia2": "", "relacion_contacto_emergencia2": "", "nombre_contacto_emergencia3": "", "telefono_contacto_emergencia3": "", "relacion_contacto_emergencia3": "", "created_at": "2026-01-08T19:44:53.805", "updated_at": "2026-01-11T00:55:55.941"}}, {"model": "clinica.paciente", "pk": 32, "fields": {"nombre": "Donatilde Capillo  Tarazona", "fecha_nacimiento": "1980-06-01", "email": null, "dni": "40552212", "telefono": "942784276", "direccion": null, "alergias_conocidas": "", "emfermedades_previas": "", "antecentes_quirurgicos": "", "antecedentes_familiares": "", "medicamentos_actuales": "", "habitos": "", "relato_clinico": "Paciente que viene siendo tratada por manchas  (lentigos solares y melasma con preparados y crioterapia) adema en octubre del 2025 se observo lunar en ala nasal  derecha, qeu se controlara", "edad": "", "peso": "", "altura": "", "presion_arterial": "", "frecuencia_cardiaca": "", "frecuencia_respiratoria": "", "temperatura": "", "tipo_de_sangre": null, "descripcion_examen_fisico": "surco nasogeniano derecho, nevo pigmantado puntual de mas menos 2 mm de diametro con pigmento uniforme ,se seguira controles\r\nLentigos solares en mejillas", "nombre_contacto_emergencia1": "", "telefono_contacto_emergencia1": "", "relacion_contacto_emergencia1": "", "nombre_contacto_emergencia2": "", "telefono_contacto_emergencia2": "", "relacion_contacto_emergencia2": "", "nombre_contacto_emergencia3": "", "telefono_contacto_emergencia3": "", "relacion_contacto_emergencia3": "", "created_at": "2026-01-09T18:26:04.285", "updated_at": "2026-01-09T18:46:11.385"}}, {"model": "clinica.paciente", "pk": 33, "fields": {"nombre": "Nayeli  Tolentino Capillo", "fecha_nacimiento": "2009-06-09", "email": null, "dni": "61822232", "telefono": "907000243", "direccion": null, "alergias_conocidas": null, "emfermedades_previas": null, "antecentes_quirurgicos": null, "antecedentes_familiares": null, "medicamentos_actuales": null, "habitos": null, "relato_clinico": "", "edad": null, "peso": null, "altura": null, "presion_arterial": null, "frecuencia_cardiaca": null, "frecuencia_respiratoria": null, "temperatura": null, "tipo_de_sangre": null, "descripcion_examen_fisico": "", "nombre_contacto_emergencia1": null, "telefono_contacto_emergencia1": null, "relacion_contacto_emergencia1": null, "nombre_contacto_emergencia2": null, "telefono_contacto_emergencia2": null, "relacion_contacto_emergencia2": null, "nombre_contacto_emergencia3": null, "telefono_contacto_emergencia3": null, "relacion_contacto_emergencia3": null, "created_at": "2026-01-09T18:55:26.902", "updated_at": "2026-01-09T18:55:26.902"}}, {"model": "clinica.cita", "pk": 3, "fields": {"paciente": 2, "fecha": "2025-12-15", "hora": "12:00:00", "motivo": "psoriasis", "estado": true, "created_at": "2025-12-15T12:32:28.992", "updated_at": "2025-12-15T12:37:12.922"}}, {"model": "clinica.cita", "pk": 4, "fields": {"paciente": 3, "fecha": null, "hora": "08:00:00", "motivo": "Acne", "estado": true, "created_at": "2025-12-16T15:22:46.709", "updated_at": "2025-12-16T15:37:26.861"}}, {"model": "clinica.cita", "pk": 8, "fields": {"paciente": 4, "fecha": "2025-12-16", "hora": "16:30:00", "motivo": "Celulitis facial", "estado": true, "created_at": "2025-12-16T16:53:14.330", "updated_at": "2025-12-16T16:55:51.818"}}, {"model": "clinica.cita", "pk": 9, "fields": {"paciente": 6, "fecha": "2025-12-18", "hora": "17:00:00", "motivo": "ulcera en pierna  derecha", "estado": true, "created_at": "2025-12-18T17:33:58.700", "updated_at": "2025-12-18T17:39:30.799"}}, {"model": "clinica.cita", "pk": 10, "fields": {"paciente": 7, "fecha": "2025-12-19", "hora": "17:30:00", "motivo": "acne", "estado": true, "created_at": "2025-12-19T18:35:50.535", "updated_at": "2025-12-19T18:48:19.198"}}, {"model": "clinica.cita", "pk": 11, "fields": {"paciente": 8, "fecha": "2025-12-22", "hora": "09:30:00", "motivo": "Manchas", "estado": true, "created_at": "2025-12-22T10:28:20.229", "updated_at": "2025-12-22T10:35:31.332"}}, {"model": "clinica.cita", "pk": 12, "fields": {"paciente": 8, "fecha": "2026-01-29", "hora": "16:00:00", "motivo": "Manchas", "estado": false, "created_at": "2025-12-22T10:42:16.219", "updated_at": "2025-12-22T10:42:16.219"}}, {"model": "clinica.cita", "pk": 13, "fields": {"paciente": 9, "fecha": "2025-12-22", "hora": "09:30:00", "motivo": "bruxismo", "estado": true, "created_at": "2025-12-22T11:09:14.282", "updated_at": "2025-12-22T11:10:43.291"}}, {"model": "clinica.cita", "pk": 14, "fields": {"paciente": 10, "fecha": "2025-12-22", "hora": "12:30:00", "motivo": "Cicatrices", "estado": true, "created_at": "2025-12-22T12:36:23.874", "updated_at": "2025-12-22T13:04:01.702"}}, {"model": "clinica.cita", "pk": 15, "fields": {"paciente": 11, "fecha": "2025-12-22", "hora": "13:00:00", "motivo": "melanoniquia", "estado": true, "created_at": "2025-12-22T13:07:57.716", "updated_at": "2025-12-23T16:45:32.002"}}, {"model": "clinica.cita", "pk": 16, "fields": {"paciente": 12, "fecha": "2025-12-23", "hora": "16:30:00", "motivo": "DErmatitis perioral", "estado": true, "created_at": "2025-12-23T16:53:23.307", "updated_at": "2025-12-23T17:04:27.132"}}, {"model": "clinica.cita", "pk": 17, "fields": {"paciente": 13, "fecha": "2025-12-30", "hora": "16:00:00", "motivo": "Alergia", "estado": true, "created_at": "2025-12-30T16:40:40.889", "updated_at": "2025-12-30T17:00:41.941"}}, {"model": "clinica.cita", "pk": 18, "fields": {"paciente": 14, "fecha": "2025-12-30", "hora": "16:30:00", "motivo": "Alergia", "estado": true, "created_at": "2025-12-30T17:28:31.127", "updated_at": "2025-12-30T17:50:59.701"}}, {"model": "clinica.cita", "pk": 19, "fields": {"paciente": 15, "fecha": "2025-12-30", "hora": "17:30:00", "motivo": "Lunar en nariz", "estado": true, "created_at": "2025-12-30T18:30:23.689", "updated_at": "2025-12-30T18:33:53.615"}}, {"model": "clinica.cita", "pk": 20, "fields": {"paciente": 16, "fecha": "2025-12-30", "hora": "16:30:00", "motivo": "eritema perioral", "estado": true, "created_at": "2025-12-30T18:49:12.162", "updated_at": "2025-12-30T19:24:56.644"}}, {"model": "clinica.cita", "pk": 21, "fields": {"paciente": 17, "fecha": "2025-12-30", "hora": "17:30:00", "motivo": "acne", "estado": true, "created_at": "2025-12-30T19:30:47.539", "updated_at": "2025-12-30T19:39:46.908"}}, {"model": "clinica.cita", "pk": 22, "fields": {"paciente": 18, "fecha": "2026-01-05", "hora": "10:00:00", "motivo": "acne", "estado": true, "created_at": "2026-01-05T10:43:59.734", "updated_at": "2026-01-05T10:59:51.735"}}, {"model": "clinica.cita", "pk": 23, "fields": {"paciente": 19, "fecha": "2026-01-05", "hora": "11:00:00", "motivo": "Acne", "estado": true, "created_at": "2026-01-05T11:23:42.579", "updated_at": "2026-01-05T11:34:41.568"}}, {"model": "clinica.cita", "pk": 24, "fields": {"paciente": 20, "fecha": "2026-01-05", "hora": "11:30:00", "motivo": "Acne", "estado": true, "created_at": "2026-01-05T11:44:36.949", "updated_at": "2026-01-05T12:41:11.277"}}, {"model": "clinica.cita", "pk": 25, "fields": {"paciente": 21, "fecha": "2026-01-06", "hora": "16:00:00", "motivo": "Prurito", "estado": true, "created_at": "2026-01-06T16:27:20.882", "updated_at": "2026-01-06T16:52:58.543"}}, {"model": "clinica.cita", "pk": 26, "fields": {"paciente": 22, "fecha": "2026-01-06", "hora": "16:30:00", "motivo": "Prurito", "estado": true, "created_at": "2026-01-06T17:04:01.247", "updated_at": "2026-01-06T17:19:29.878"}}, {"model": "clinica.cita", "pk": 27, "fields": {"paciente": 5, "fecha": "2026-01-06", "hora": "17:00:00", "motivo": "resultado de biopsia", "estado": true, "created_at": "2026-01-06T17:24:04.988", "updated_at": "2026-01-06T17:41:22.145"}}, {"model": "clinica.cita", "pk": 28, "fields": {"paciente": 23, "fecha": "2026-01-06", "hora": "17:30:00", "motivo": "Manchas", "estado": true, "created_at": "2026-01-06T17:51:01.184", "updated_at": "2026-01-06T18:52:19.377"}}, {"model": "clinica.cita", "pk": 29, "fields": {"paciente": 24, "fecha": "2026-01-06", "hora": "17:30:00", "motivo": "Rosacea", "estado": true, "created_at": "2026-01-06T19:06:43.344", "updated_at": "2026-01-06T20:33:53.080"}}, {"model": "clinica.cita", "pk": 30, "fields": {"paciente": 25, "fecha": "2026-01-07", "hora": "11:00:00", "motivo": "Manchas", "estado": true, "created_at": "2026-01-07T11:20:33.684", "updated_at": "2026-01-07T11:21:41.432"}}, {"model": "clinica.cita", "pk": 31, "fields": {"paciente": 26, "fecha": "2026-01-07", "hora": "12:00:00", "motivo": "Psoriasis", "estado": false, "created_at": "2026-01-07T12:06:43.366", "updated_at": "2026-01-07T12:06:43.367"}}, {"model": "clinica.cita", "pk": 32, "fields": {"paciente": 27, "fecha": "2026-01-08", "hora": "16:00:00", "motivo": "Prurito en cuero cabelludo", "estado": true, "created_at": "2026-01-08T16:46:03.590", "updated_at": "2026-01-08T16:46:34.834"}}, {"model": "clinica.cita", "pk": 33, "fields": {"paciente": 28, "fecha": "2026-01-08", "hora": "17:00:00", "motivo": "Acne", "estado": true, "created_at": "2026-01-08T16:57:37.624", "updated_at": "2026-01-08T17:06:51.502"}}, {"model": "clinica.cita", "pk": 34, "fields": {"paciente": 29, "fecha": "2026-01-08", "hora": "17:30:00", "motivo": "Acne", "estado": true, "created_at": "2026-01-08T17:13:15.089", "updated_at": "2026-01-08T17:23:14.015"}}, {"model": "clinica.cita", "pk": 35, "fields": {"paciente": 30, "fecha": "2026-01-08", "hora": "18:00:00", "motivo": "orzuelas a repeticion", "estado": true, "created_at": "2026-01-08T18:14:59.427", "updated_at": "2026-01-08T18:27:33.848"}}, {"model": "clinica.cita", "pk": 36, "fields": {"paciente": 31, "fecha": "2026-01-08", "hora": "19:30:00", "motivo": "Acne", "estado": true, "created_at": "2026-01-08T19:45:19.405", "updated_at": "2026-01-08T19:53:31.300"}}, {"model": "clinica.cita", "pk": 37, "fields": {"paciente": 4, "fecha": "2026-01-09", "hora": "16:00:00", "motivo": "Abceso en axila", "estado": true, "created_at": "2026-01-09T16:06:43.105", "updated_at": "2026-01-09T16:27:54.731"}}, {"model": "clinica.cita", "pk": 38, "fields": {"paciente": 32, "fecha": "2026-01-09", "hora": "18:00:00", "motivo": "Manchas", "estado": true, "created_at": "2026-01-09T18:26:31.120", "updated_at": "2026-01-09T18:46:11.389"}}, {"model": "clinica.cita", "pk": 39, "fields": {"paciente": 33, "fecha": "2026-01-09", "hora": "18:30:00", "motivo": "Caida de cabello", "estado": false, "created_at": "2026-01-09T18:55:57.521", "updated_at": "2026-01-09T18:55:57.521"}}, {"model": "clinica.respuestacita", "pk": 3, "fields": {"cita": 3, "diagnostico": "Psoriasis", "tratamiento": "Metotrexate 2.5 mg 8 tabletas semnales (Domingo 3 desayu no- 3 almuerzo y 2 cena) x 2 meses\r\nAcido Folico 0.5mg tomar 2 tabletas diarias de lunea a sabado x 2meses\r\n", "notas": "control e 2 meses", "receta": "", "created_at": "2025-12-15T12:32:33.084", "updated_at": "2025-12-15T12:37:12.909"}}, {"model": "clinica.respuestacita", "pk": 4, "fields": {"cita": 4, "diagnostico": "Acne vulgar\r\nEstrias", "tratamiento": "Tetralysal 300 mg cada 24 horas por 15 dias\r\nNormaderm limpiador lavado de rostro mañana y noche\r\nMineral 89 serum --> aplicar en las noches en todo el rostro y cuello\r\nTretinoina 0.025% --> Aplicar capa fina en todo el rostro, noche, 3 veces por semana\r\nLifeactive vitamina C ( vicky) --> Aplicar en las mañanas en todo el rostro\r\nCApital UV clear --> Diario cada 2 horas", "notas": "", "receta": "", "created_at": "2025-12-16T15:23:59.325", "updated_at": "2025-12-16T15:37:26.849"}}, {"model": "clinica.respuestacita", "pk": 5, "fields": {"cita": 8, "diagnostico": "Pioderma ", "tratamiento": "Keflex 500 mgacada 8 horas \r\nsupracalm\r\nNiofen crema mañana y noche\r\nCompresas de manzanilla", "notas": "", "receta": "", "created_at": "2025-12-16T16:53:21.133", "updated_at": "2025-12-16T16:55:51.809"}}, {"model": "clinica.respuestacita", "pk": 6, "fields": {"cita": 9, "diagnostico": "Ulcera isquemica\r\nHTA\r\nInsuficiencia coronaria", "tratamiento": "Se da receta par curación", "notas": "", "receta": "", "created_at": "2025-12-18T17:36:18.875", "updated_at": "2025-12-18T17:39:30.790"}}, {"model": "clinica.respuestacita", "pk": 7, "fields": {"cita": 10, "diagnostico": "acne vulgar\r\ndermatosis neglecta", "tratamiento": "Doxicilina 100 mg cada 12 horas por 1 mes\r\nEfaclar gel mouzant lavado de rostro  mañana y noche\r\ndifferin 0.1% gel aplicar : poca cantidad, noche, interdiario, luego delhidratante\r\nAnthelios gel toque seco 8am 11 a y 2 pm", "notas": "", "receta": "", "created_at": "2025-12-19T18:35:52.906", "updated_at": "2025-12-19T18:48:19.185"}}, {"model": "clinica.respuestacita", "pk": 8, "fields": {"cita": 11, "diagnostico": "Dermatitis cenicienta\r\nTiña ungueal", "tratamiento": "MEtotrexate  2.5 mg 6 tab semanales por 6 semanas\r\nACid folico 0.5Mg 2 diarias\r\nHidroxicloroquina 200 mg 1 en la noche \r\nBilaxten 20 mg cada 12 horas\r\nCromus 0.1% \r\nTopico: Esential cleansing , cicaplast baume, phytocorrective mañana y noche", "notas": "", "receta": "", "created_at": "2025-12-22T10:28:25.548", "updated_at": "2025-12-22T10:35:31.323"}}, {"model": "clinica.respuestacita", "pk": 9, "fields": {"cita": 13, "diagnostico": "Bruxismo", "tratamiento": "Se aplica 24 unidades de toxina en zona madibular", "notas": "", "receta": "", "created_at": "2025-12-22T11:09:17.923", "updated_at": "2025-12-22T11:10:43.282"}}, {"model": "clinica.respuestacita", "pk": 10, "fields": {"cita": 14, "diagnostico": "Cicatriz de acne\r\nRutina de piel\r\nComedones en nariz", "tratamiento": "Infiltración con triamcinolona 0.025% (1/1) en cicatriz\r\nBetarretin l 0.25% noche ( 3 veces por semana)\r\nSebium gel mouzznt\r\nNormaderm doble corrección (vicky)", "notas": "", "receta": "", "created_at": "2025-12-22T12:36:27.867", "updated_at": "2025-12-22T13:04:01.693"}}, {"model": "clinica.respuestacita", "pk": 11, "fields": {"cita": 15, "diagnostico": "Melanoniquia ", "tratamiento": "", "notas": "", "receta": "", "created_at": "2025-12-22T13:08:10.253", "updated_at": "2025-12-23T16:45:31.985"}}, {"model": "clinica.respuestacita", "pk": 12, "fields": {"cita": 12, "diagnostico": null, "tratamiento": null, "notas": null, "receta": null, "created_at": "2025-12-23T16:53:01.251", "updated_at": "2025-12-23T16:53:01.251"}}, {"model": "clinica.respuestacita", "pk": 13, "fields": {"cita": 16, "diagnostico": "DErmatitis perioral\r\nPigmentación postinflamatoria perioral\r\nPigmetnacion en axilas y en pubis\r\n", "tratamiento": "Tetralysal 300 mg cada 24 horas\r\nAldactone 100 mg cada 24 horas\r\nAklief\r\nmineral 89 serum\r\nFotoprotector: Isdin fusion water\r\nantimanchas axilas: Hidroquinona  4 % triamcinolona 0.25% Niacinamida 4%", "notas": "", "receta": "", "created_at": "2025-12-23T16:53:28.542", "updated_at": "2025-12-23T17:04:27.123"}}, {"model": "clinica.respuestacita", "pk": 14, "fields": {"cita": 17, "diagnostico": "Eccema dishidrótico\r\nEccmea palpebral \r\nDErmatiits atopica", "tratamiento": "Prednisona 50mg tomar una diaria por 5 dias\r\nTopialyse gel lavante\r\nCutivate crema en parpado y en antebrazo\r\n\r\n ", "notas": "", "receta": "", "created_at": "2025-12-30T16:40:46.352", "updated_at": "2025-12-30T17:00:41.929"}}, {"model": "clinica.respuestacita", "pk": 15, "fields": {"cita": 18, "diagnostico": "Dermatitis atópica \r\nEccema numular", "tratamiento": "Deflazacort 30 mg 2 tab diario por 4 dias\r\nLuego 1 tab 4 dias\r\nluego 1/2 tab por 4 dias\r\nPreparado: urea 20% acido salicilico 3% betametasona 0.05% mupirocina 2% petrolato solido 50 gr", "notas": "", "receta": "", "created_at": "2025-12-30T17:28:35.107", "updated_at": "2025-12-30T17:50:59.687"}}, {"model": "clinica.respuestacita", "pk": 16, "fields": {"cita": 19, "diagnostico": "d/ queratosis seborreica\r\nd/ Carinoma basocelular", "tratamiento": "se toma biopsia por afeitado se entrega a paciente", "notas": "", "receta": "", "created_at": "2025-12-30T18:30:29.377", "updated_at": "2025-12-30T18:33:53.602"}}, {"model": "clinica.respuestacita", "pk": 17, "fields": {"cita": 20, "diagnostico": "DErmatitis perioral", "tratamiento": "IPL 3 sesiones\r\nPrepaado: eritromicina 2% azufre 5% crema lannete 30 gr \r\n", "notas": "", "receta": "", "created_at": "2025-12-30T18:49:17.129", "updated_at": "2025-12-30T19:24:56.635"}}, {"model": "clinica.respuestacita", "pk": 18, "fields": {"cita": 21, "diagnostico": "Acne\r\nDErmatitis atopica", "tratamiento": "Acnotin 20mg interdiario por 2 meses (termino de tratamiento)\r\nsensibio gel moussant\r\nNormaderm doble correccion\r\nLipikar blanco cuerpo\r\nCetaphil\r\n", "notas": "", "receta": "", "created_at": "2025-12-30T19:30:51.754", "updated_at": "2025-12-30T19:39:46.900"}}, {"model": "clinica.respuestacita", "pk": 19, "fields": {"cita": 22, "diagnostico": "Acne tardio y rósacea\r\nIntertrigo mamario\r\nTiña ungueal", "tratamiento": "Acnotin 10 mg diario\r\nHialuronic moisture isdin\r\nMetroruboril Az \r\nOnytec\r\nZalain\r\nPerspirex", "notas": "", "receta": "", "created_at": "2026-01-05T10:44:16.632", "updated_at": "2026-01-05T10:59:51.724"}}, {"model": "clinica.respuestacita", "pk": 20, "fields": {"cita": 23, "diagnostico": "Acne\r\nPigmentacion postinflamatoria\r\nQueratodermia ", "tratamiento": "Continuar con normaderm limpiador y serum\r\nDifferin 0.1%\r\nUrea 20%\r\nUriage eua thermale", "notas": "", "receta": "", "created_at": "2026-01-05T11:23:47.135", "updated_at": "2026-01-05T11:34:41.555"}}, {"model": "clinica.respuestacita", "pk": 21, "fields": {"cita": 24, "diagnostico": "Acne \r\nVitiligo localizado?? Hombro derecho", "tratamiento": "Acnotin 10 mg  3 veces por semana\r\nContinuar con nomadrem limpiador y serum\r\nMela b3 en la noche \r\nSe infiltro cicatriz con \r\n", "notas": "", "receta": "", "created_at": "2026-01-05T11:44:43.005", "updated_at": "2026-01-05T12:41:11.263"}}, {"model": "clinica.respuestacita", "pk": 22, "fields": {"cita": 25, "diagnostico": "Dermatitis de contacto cuero cabelludo\r\nVerruga virica\r\n", "tratamiento": "Dercos shampoo\r\nDErmosupril 0.1\r\nHialuronic moistur\r\nSe aplica nitrogeno liquido\r\nAlizar locion", "notas": "", "receta": "", "created_at": "2026-01-06T16:27:29.273", "updated_at": "2026-01-06T16:52:58.530"}}, {"model": "clinica.respuestacita", "pk": 23, "fields": {"cita": 26, "diagnostico": "Dermatitis de contacto facial\r\nMelasma\r\n", "tratamiento": "Deflazacort 30 mg por 4 dias\r\nBilaxten 20 mg c/12 hrs\r\nPeitel crema\r\nHialuronic moisture\r\nPure thermal ", "notas": "", "receta": "", "created_at": "2026-01-06T17:04:24.469", "updated_at": "2026-01-06T17:19:29.867"}}, {"model": "clinica.respuestacita", "pk": 24, "fields": {"cita": 27, "diagnostico": "REsultado de patologia DErmatitis seborreica\r\nMelasma", "tratamiento": "Deflazacort 30mg por 4 dias\r\nDermosupril crema \r\nDercos shampoo\r\nItraconazol 100m g cada 12horas\r\nHialuronic moisture celeste isdn\r\nEsential cleansing isdin", "notas": "", "receta": "", "created_at": "2026-01-06T17:24:15.755", "updated_at": "2026-01-06T17:41:22.119"}}, {"model": "clinica.respuestacita", "pk": 25, "fields": {"cita": 28, "diagnostico": "Pigmetnacion postinflamatoria\r\nDErmatitis de contacto en brazos\r\nAcne", "tratamiento": "Lifeactive serum antimanchas\r\nphyto corrective\r\nPhloretin\r\nCutivate ", "notas": "", "receta": "", "created_at": "2026-01-06T17:51:13.217", "updated_at": "2026-01-06T18:52:19.362"}}, {"model": "clinica.respuestacita", "pk": 26, "fields": {"cita": 29, "diagnostico": "Rosacea\r\nLentigos solares\r\n", "tratamiento": "Ivercrem \r\nCrioterapia", "notas": "", "receta": "", "created_at": "2026-01-06T19:06:47.681", "updated_at": "2026-01-06T20:33:53.066"}}, {"model": "clinica.respuestacita", "pk": 27, "fields": {"cita": 30, "diagnostico": "Melasma", "tratamiento": "", "notas": "", "receta": "", "created_at": "2026-01-07T11:20:41.636", "updated_at": "2026-01-07T11:21:41.424"}}, {"model": "clinica.respuestacita", "pk": 28, "fields": {"cita": 31, "diagnostico": null, "tratamiento": null, "notas": null, "receta": null, "created_at": "2026-01-07T12:06:48.505", "updated_at": "2026-01-07T12:06:48.505"}}, {"model": "clinica.respuestacita", "pk": 29, "fields": {"cita": 32, "diagnostico": "Psoriasis presuntivo", "tratamiento": "Se toma biopsia de cuero cabelludo", "notas": "", "receta": "", "created_at": "2026-01-08T16:46:10.094", "updated_at": "2026-01-08T16:46:34.828"}}, {"model": "clinica.respuestacita", "pk": 30, "fields": {"cita": 33, "diagnostico": "Acne", "tratamiento": "Doxiac 100 mg cada 12 horas por 15 dias\r\nACnotin 20 mg diarios con el almuerzo\r\nNormaderm limpiador \r\nacniben crema\r\nacniben labial", "notas": "", "receta": "", "created_at": "2026-01-08T16:57:47.078", "updated_at": "2026-01-08T17:06:51.493"}}, {"model": "clinica.respuestacita", "pk": 31, "fields": {"cita": 34, "diagnostico": "Acne moderado\r\n", "tratamiento": "Tetralysal 300 mg  una diaria por 2 meses\r\nPure thermal espuma limpiadora de vicky\r\nHialuronic moisture verde isdin mañana y noche\r\nEpiduo gel", "notas": "", "receta": "", "created_at": "2026-01-08T17:13:18.392", "updated_at": "2026-01-08T17:23:14.005"}}, {"model": "clinica.respuestacita", "pk": 32, "fields": {"cita": 35, "diagnostico": "Demodicidosis\r\nAcne \r\nACrocordones en axila\r\nHiperdrosis", "tratamiento": "Quanox\r\nTetralysal 300 mg diario por 1 mes\r\nno se cambia rutina para agrgarle nuevos productos en 1 mes\r\nSe le habal de laser co2", "notas": "", "receta": "", "created_at": "2026-01-08T18:15:07.507", "updated_at": "2026-01-08T18:27:33.838"}}, {"model": "clinica.respuestacita", "pk": 33, "fields": {"cita": 36, "diagnostico": "Acne \r\nHiperpigmentación postinflamatoria\r\n", "tratamiento": "Acnotin 20 mg  DA: 1200 DAT 7800\r\nSe indicará para 3 meses\r\nLifeactive  b3 en las noches\r\n\r\n", "notas": "tg 149\r\nTGo 27.4\r\nTGP 32", "receta": "", "created_at": "2026-01-08T19:45:22.734", "updated_at": "2026-01-08T19:53:31.292"}}, {"model": "clinica.respuestacita", "pk": 34, "fields": {"cita": 37, "diagnostico": "abceso en axila izquierda", "tratamiento": "Drenaje\r\nKeflex 500 mg cada 8 horas\r\nsupracalm", "notas": "", "receta": "", "created_at": "2026-01-09T16:06:46.912", "updated_at": "2026-01-09T16:27:54.723"}}, {"model": "clinica.respuestacita", "pk": 35, "fields": {"cita": 38, "diagnostico": "Lentigos Solares\r\nMeslma\r\n", "tratamiento": "Vit c vicky \r\nLifeactive b3 Vicky\r\nHialuronic moisture celeste\r\nEsential cleansing", "notas": "", "receta": "", "created_at": "2026-01-09T18:26:36.029", "updated_at": "2026-01-09T18:46:11.380"}}, {"model": "clinica.respuestacita", "pk": 36, "fields": {"cita": 39, "diagnostico": null, "tratamiento": null, "notas": null, "receta": null, "created_at": "2026-01-09T18:56:04.641", "updated_at": "2026-01-09T18:56:04.641"}}, {"model": "contenttypes.contenttype", "fields": {"app_label": "partidas_planos", "model": "user"}}, {"model": "contenttypes.contenttype", "fields": {"app_label": "productividad", "model": "dailyactivity"}}, {"model": "contenttypes.contenttype", "fields": {"app_label": "clinica", "model": "paciente"}}, {"model": "contenttypes.contenttype", "fields": {"app_label": "clinica", "model": "archivopaciente"}}, {"model": "contenttypes.contenttype", "fields": {"app_label": "clinica", "model": "cita"}}, {"model": "contenttypes.contenttype", "fields": {"app_label": "clinica", "model": "respuestacita"}}, {"model": "contenttypes.contenttype", "fields": {"app_label": "clinica", "model": "imagenrespuestacita"}}, {"model": "contenttypes.contenttype", "fields": {"app_label": "admin", "model": "logentry"}}, {"model": "contenttypes.contenttype", "fields": {"app_label": "auth", "model": "permission"}}, {"model": "contenttypes.contenttype", "fields": {"app_label": "auth", "model": "group"}}, {"model": "contenttypes.contenttype", "fields": {"app_label": "contenttypes", "model": "contenttype"}}, {"model": "contenttypes.contenttype", "fields": {"app_label": "sessions", "model": "session"}}, {"model": "sessions.session", "pk": "08z24aeoty2kc23byo27qi6xxtb545z9", "fields": {"session_data": ".eJxVjMsOwiAQRf-FtSEdoC24dO83kGGYkaqBpI-V8d-1SRe6veec-1IRt7XEbeE5TlmdlVGn3y0hPbjuIN-x3pqmVtd5SnpX9EEXfW2Zn5fD_TsouJRvPUJmwtAFb43HZJ13aXAABlg6wc6CCAfxAlnIEBjKgXrbg5PEIw3q_QHnPThd:1vVAf2:hte7iamcXkmrkgl9K7GCfNgLXwyyyPdseODrvrPC3Ns", "expire_date": "2025-12-29T10:38:56.434"}}, {"model": "sessions.session", "pk": "0egymtv6d8qjnx7kngmj53afw6x9xlqo", "fields": {"session_data": ".eJxVjMsOwiAQRf-FtSEdoC24dO83kGGYkaqBpI-V8d-1SRe6veec-1IRt7XEbeE5TlmdlVGn3y0hPbjuIN-x3pqmVtd5SnpX9EEXfW2Zn5fD_TsouJRvPUJmwtAFb43HZJ13aXAABlg6wc6CCAfxAlnIEBjKgXrbg5PEIw3q_QHnPThd:1vUzo9:0QDjvlWflJSAtHT6lEzj3ijT4NjNdRHXj2Ow9sTvVYw", "expire_date": "2025-12-28T23:03:37.726"}}, {"model": "sessions.session", "pk": "1wvl5p8w701r23ieurj8q5jb7y5g9rqs", "fields": {"session_data": ".eJxVjMsOwiAQRf-FtSEdoC24dO83kGGYkaqBpI-V8d-1SRe6veec-1IRt7XEbeE5TlmdlVGn3y0hPbjuIN-x3pqmVtd5SnpX9EEXfW2Zn5fD_TsouJRvPUJmwtAFb43HZJ13aXAABlg6wc6CCAfxAlnIEBjKgXrbg5PEIw3q_QHnPThd:1vayaZ:YGaTPx7c1-2iv4yRU_Zd9PUOCtXbGtX6Ik1PNYvIeKg", "expire_date": "2026-01-14T10:58:19.409"}}, {"model": "sessions.session", "pk": "4i61tdk380wogpmry9v5os8od5zv2x7f", "fields": {"session_data": ".eJxVjMsOwiAQRf-FtSEdoC24dO83kGGYkaqBpI-V8d-1SRe6veec-1IRt7XEbeE5TlmdlVGn3y0hPbjuIN-x3pqmVtd5SnpX9EEXfW2Zn5fD_TsouJRvPUJmwtAFb43HZJ13aXAABlg6wc6CCAfxAlnIEBjKgXrbg5PEIw3q_QHnPThd:1vV8hm:1YZRtDGN4cgBnFloRmRhkL6JoP-ceG-j6-rWnz1qfHc", "expire_date": "2025-12-29T08:33:38.160"}}, {"model": "sessions.session", "pk": "abyjgz07v6n97a3edophu6t1pu7ebrk1", "fields": {"session_data": ".eJxVjMsOwiAQRf-FtSEdoC24dO83kGGYkaqBpI-V8d-1SRe6veec-1IRt7XEbeE5TlmdlVGn3y0hPbjuIN-x3pqmVtd5SnpX9EEXfW2Zn5fD_TsouJRvPUJmwtAFb43HZJ13aXAABlg6wc6CCAfxAlnIEBjKgXrbg5PEIw3q_QHnPThd:1vV9aO:RH9ldHETvSNKanY89FS21QoZTTHhfrANRTZcGDOeZLY", "expire_date": "2025-12-29T09:30:04.723"}}, {"model": "sessions.session", "pk": "d5s9ht5hezc6x2j4nsitqo9vpzc23lt4", "fields": {"session_data": ".eJxVjMsOwiAQRf-FtSEdoC24dO83kGGYkaqBpI-V8d-1SRe6veec-1IRt7XEbeE5TlmdlVGn3y0hPbjuIN-x3pqmVtd5SnpX9EEXfW2Zn5fD_TsouJRvPUJmwtAFb43HZJ13aXAABlg6wc6CCAfxAlnIEBjKgXrbg5PEIw3q_QHnPThd:1veJSO:embZ9o4zi1y28VJImlFAm7AqMYgVXYtnyf8Q1nuUb2A", "expire_date": "2026-01-23T15:51:40.653"}}, {"model": "sessions.session", "pk": "l94rz9tu9t7htkd6p34ocsdd3gtjx3bm", "fields": {"session_data": ".eJxVjEEOwiAQRe_C2hCBAYpL9z0Dmc4MtmpoUtqV8e7apAvd_vfef6mM2zrmrcmSJ1YXZdTpdxuQHlJ3wHest1nTXNdlGvSu6IM23c8sz-vh_h2M2MZvnXwpYqNPyYcCaC0xBB8xFnCeziCxM2yjsyaIRe6AUiIIAoNjcl1S7w_QKzdl:1vdWEv:O4kDFQ8N_1hwbJ4Pl9lqbKGAYcSqsj_6BbnBz_2Bvcc", "expire_date": "2026-01-21T11:18:29.851"}}, {"model": "sessions.session", "pk": "mw31k69b8racntzk2p3bi6ay8q1hbirc", "fields": {"session_data": ".eJxVjEEOwiAQRe_C2hCBAYpL9z0Dmc4MtmpoUtqV8e7apAvd_vfef6mM2zrmrcmSJ1YXZdTpdxuQHlJ3wHest1nTXNdlGvSu6IM23c8sz-vh_h2M2MZvnXwpYqNPyYcCaC0xBB8xFnCeziCxM2yjsyaIRe6AUiIIAoNjcl1S7w_QKzdl:1vT5Pj:aKQB79EUwtXA7gXTpHG_YYiKGEGh91n3HR18T5ojk_8", "expire_date": "2025-12-23T16:38:31.483"}}, {"model": "sessions.session", "pk": "phxc9p2c1dn8zmt4kkpiipdu4fmsqtag", "fields": {"session_data": ".eJxVjMsOwiAQRf-FtSEdoC24dO83kGGYkaqBpI-V8d-1SRe6veec-1IRt7XEbeE5TlmdlVGn3y0hPbjuIN-x3pqmVtd5SnpX9EEXfW2Zn5fD_TsouJRvPUJmwtAFb43HZJ13aXAABlg6wc6CCAfxAlnIEBjKgXrbg5PEIw3q_QHnPThd:1vaDrE:h3pSsWWH263JRTs0C91K16v8MP92DfKwwvsqy7EW_ho", "expire_date": "2026-01-12T09:04:24.502"}}, {"model": "sessions.session", "pk": "quxygo7uh26792tkuzxysliy8c5727u4", "fields": {"session_data": ".eJxVjMsOwiAQRf-FtSEdoC24dO83kGGYkaqBpI-V8d-1SRe6veec-1IRt7XEbeE5TlmdlVGn3y0hPbjuIN-x3pqmVtd5SnpX9EEXfW2Zn5fD_TsouJRvPUJmwtAFb43HZJ13aXAABlg6wc6CCAfxAlnIEBjKgXrbg5PEIw3q_QHnPThd:1vUupt:bx9fFG8HFq88HrNchDCQO8oosqhY02rqzM3DIOxpP_I", "expire_date": "2025-12-28T17:45:05.511"}}, {"model": "sessions.session", "pk": "s8h0nftum62s8x8j7o5s1z0yjzmxu3rk", "fields": {"session_data": ".eJxVjEEOwiAQRe_C2hCBAYpL9z0Dmc4MtmpoUtqV8e7apAvd_vfef6mM2zrmrcmSJ1YXZdTpdxuQHlJ3wHest1nTXNdlGvSu6IM23c8sz-vh_h2M2MZvnXwpYqNPyYcCaC0xBB8xFnCeziCxM2yjsyaIRe6AUiIIAoNjcl1S7w_QKzdl:1vahNH:TAk9YbRUOjLFGmjBvM5mOwlyfdgOBKBCmwqWlpbhR_E", "expire_date": "2026-01-13T16:35:27.184"}}, {"model": "sessions.session", "pk": "sqap76x8o1nkhz3ffeyxk3nr545j9sx3", "fields": {"session_data": ".eJxVjMsOwiAQRf-FtSEdoC24dO83kGGYkaqBpI-V8d-1SRe6veec-1IRt7XEbeE5TlmdlVGn3y0hPbjuIN-x3pqmVtd5SnpX9EEXfW2Zn5fD_TsouJRvPUJmwtAFb43HZJ13aXAABlg6wc6CCAfxAlnIEBjKgXrbg5PEIw3q_QHnPThd:1vVAg4:LT2IxcVqewVCwUMlQcGXXB2ioMuOJf57b6TDb-cpil8", "expire_date": "2025-12-29T10:40:00.489"}}, {"model": "sessions.session", "pk": "x0bo80y9pj5pvra7bap6psbulumolnx2", "fields": {"session_data": ".eJxVjMsOwiAQRf-FtSEdoC24dO83kGGYkaqBpI-V8d-1SRe6veec-1IRt7XEbeE5TlmdlVGn3y0hPbjuIN-x3pqmVtd5SnpX9EEXfW2Zn5fD_TsouJRvPUJmwtAFb43HZJ13aXAABlg6wc6CCAfxAlnIEBjKgXrbg5PEIw3q_QHnPThd:1vV9aP:oN14XLsmb4dJ7SU1N7vgdTYzADlCcSBtlb4Qlabhskg", "expire_date": "2025-12-29T09:30:05.530"}}, {"model": "auth.permission", "fields": {"name": "Can add user", "content_type": ["partidas_planos", "user"], "codename": "add_user"}}, {"model": "auth.permission", "fields": {"name": "Can change user", "content_type": ["partidas_planos", "user"], "codename": "change_user"}}, {"model": "auth.permission", "fields": {"name": "Can delete user", "content_type": ["partidas_planos", "user"], "codename": "delete_user"}}, {"model": "auth.permission", "fields": {"name": "Can view user", "content_type": ["partidas_planos", "user"], "codename": "view_user"}}, {"model": "auth.permission", "fields": {"name": "Can add daily activity", "content_type": ["productividad", "dailyactivity"], "codename": "add_dailyactivity"}}, {"model": "auth.permission", "fields": {"name": "Can change daily activity", "content_type": ["productividad", "dailyactivity"], "codename": "change_dailyactivity"}}, {"model": "auth.permission", "fields": {"name": "Can delete daily activity", "content_type": ["productividad", "dailyactivity"], "codename": "delete_dailyactivity"}}, {"model": "auth.permission", "fields": {"name": "Can view daily activity", "content_type": ["productividad", "dailyactivity"], "codename": "view_dailyactivity"}}, {"model": "auth.permission", "fields": {"name": "Can add paciente", "content_type": ["clinica", "paciente"], "codename": "add_paciente"}}, {"model": "auth.permission", "fields": {"name": "Can change paciente", "content_type": ["clinica", "paciente"], "codename": "change_paciente"}}, {"model": "auth.permission", "fields": {"name": "Can delete paciente", "content_type": ["clinica", "paciente"], "codename": "delete_paciente"}}, {"model": "auth.permission", "fields": {"name": "Can view paciente", "content_type": ["clinica", "paciente"], "codename": "view_paciente"}}, {"model": "auth.permission", "fields": {"name": "Can add archivo paciente", "content_type": ["clinica", "archivopaciente"], "codename": "add_archivopaciente"}}, {"model": "auth.permission", "fields": {"name": "Can change archivo paciente", "content_type": ["clinica", "archivopaciente"], "codename": "change_archivopaciente"}}, {"model": "auth.permission", "fields": {"name": "Can delete archivo paciente", "content_type": ["clinica", "archivopaciente"], "codename": "delete_archivopaciente"}}, {"model": "auth.permission", "fields": {"name": "Can view archivo paciente", "content_type": ["clinica", "archivopaciente"], "codename": "view_archivopaciente"}}, {"model": "auth.permission", "fields": {"name": "Can add cita", "content_type": ["clinica", "cita"], "codename": "add_cita"}}, {"model": "auth.permission", "fields": {"name": "Can change cita", "content_type": ["clinica", "cita"], "codename": "change_cita"}}, {"model": "auth.permission", "fields": {"name": "Can delete cita", "content_type": ["clinica", "cita"], "codename": "delete_cita"}}, {"model": "auth.permission", "fields": {"name": "Can view cita", "content_type": ["clinica", "cita"], "codename": "view_cita"}}, {"model": "auth.permission", "fields": {"name": "Can add respuesta cita", "content_type": ["clinica", "respuestacita"], "codename": "add_respuestacita"}}, {"model": "auth.permission", "fields": {"name": "Can change respuesta cita", "content_type": ["clinica", "respuestacita"], "codename": "change_respuestacita"}}, {"model": "auth.permission", "fields": {"name": "Can delete respuesta cita", "content_type": ["clinica", "respuestacita"], "codename": "delete_respuestacita"}}, {"model": "auth.permission", "fields": {"name": "Can view respuesta cita", "content_type": ["clinica", "respuestacita"], "codename": "view_respuestacita"}}, {"model": "auth.permission", "fields": {"name": "Can add imagen respuesta cita", "content_type": ["clinica", "imagenrespuestacita"], "codename": "add_imagenrespuestacita"}}, {"model": "auth.permission", "fields": {"name": "Can change imagen respuesta cita", "content_type": ["clinica", "imagenrespuestacita"], "codename": "change_imagenrespuestacita"}}, {"model": "auth.permission", "fields": {"name": "Can delete imagen respuesta cita", "content_type": ["clinica", "imagenrespuestacita"], "codename": "delete_imagenrespuestacita"}}, {"model": "auth.permission", "fields": {"name": "Can view imagen respuesta cita", "content_type": ["clinica", "imagenrespuestacita"], "codename": "view_imagenrespuestacita"}}, {"model": "auth.permission", "fields": {"name": "Can add log entry", "content_type": ["admin", "logentry"], "codename": "add_logentry"}}, {"model": "auth.permission", "fields": {"name": "Can change log entry", "content_type": ["admin", "logentry"], "codename": "change_logentry"}}, {"model": "auth.permission", "fields": {"name": "Can delete log entry", "content_type": ["admin", "logentry"], "codename": "delete_logentry"}}, {"model": "auth.permission", "fields": {"name": "Can view log entry", "content_type": ["admin", "logentry"], "codename": "view_logentry"}}, {"model": "auth.permission", "fields": {"name": "Can add permission", "content_type": ["auth", "permission"], "codename": "add_permission"}}, {"model": "auth.permission", "fields": {"name": "Can change permission", "content_type": ["auth", "permission"], "codename": "change_permission"}}, {"model": "auth.permission", "fields": {"name": "Can delete permission", "content_type": ["auth", "permission"], "codename": "delete_permission"}}, {"model": "auth.permission", "fields": {"name": "Can view permission", "content_type": ["auth", "permission"], "codename": "view_permission"}}, {"model": "auth.permission", "fields": {"name": "Can add group", "content_type": ["auth", "group"], "codename": "add_group"}}, {"model": "auth.permission", "fields": {"name": "Can change group", "content_type": ["auth", "group"], "codename": "change_group"}}, {"model": "auth.permission", "fields": {"name": "Can delete group", "content_type": ["auth", "group"], "codename": "delete_group"}}, {"model": "auth.permission", "fields": {"name": "Can view group", "content_type": ["auth", "group"], "codename": "view_group"}}, {"model": "auth.permission", "fields": {"name": "Can add content type", "content_type": ["contenttypes", "contenttype"], "codename": "add_contenttype"}}, {"model": "auth.permission", "fields": {"name": "Can change content type", "content_type": ["contenttypes", "contenttype"], "codename": "change_contenttype"}}, {"model": "auth.permission", "fields": {"name": "Can delete content type", "content_type": ["contenttypes", "contenttype"], "codename": "delete_contenttype"}}, {"model": "auth.permission", "fields": {"name": "Can view content type", "content_type": ["contenttypes", "contenttype"], "codename": "view_contenttype"}}, {"model": "auth.permission", "fields": {"name": "Can add session", "content_type": ["sessions", "session"], "codename": "add_session"}}, {"model": "auth.permission", "fields": {"name": "Can change session", "content_type": ["sessions", "session"], "codename": "change_session"}}, {"model": "auth.permission", "fields": {"name": "Can delete session", "content_type": ["sessions", "session"], "codename": "delete_session"}}, {"model": "auth.permission", "fields": {"name": "Can view session", "content_type": ["sessions", "session"], "codename": "view_session"}}, {"model": "partidas_planos.user", "fields": {"password": "pbkdf2_sha256$720000$OhCwSVvUld2XZMzf33q4ev$k5/bWLOxLB0N6U9vLgChJZiDx2135BLG7rAyzKdInRI=", "is_superuser": true, "first_name": "asd", "last_name": "asd", "username": "asd", "email": "asd@gmail.com", "phone_number": null, "role": 3, "foto_perfil": "", "dni": null, "saldo": "100.00", "date_joined": "2025-12-09T16:37:56.429", "last_login": "2026-01-07T11:18:29.845", "created_date": "2025-12-09T16:37:56.429", "modified_date": "2025-12-09T16:38:39.497", "is_admin": true, "is_staff": true, "is_active": true, "is_superadmin": false, "groups": [], "user_permissions": []}}, {"model": "partidas_planos.user", "fields": {"password": "pbkdf2_sha256$720000$Hn9LMa7eyxYJfpT6omG7bo$xP+sZlu5F0eMKsZR22kIiubDCmMWYwP4Sg7dfMcaY2Q=", "is_superuser": true, "first_name": "Brunella", "last_name": "Raymundo", "username": "braymundo", "email": "ejemplo@gmail.com", "phone_number": null, "role": null, "foto_perfil": "", "dni": null, "saldo": "100.00", "date_joined": "2025-12-14T17:44:44.653", "last_login": "2026-01-09T15:51:40.646", "created_date": "2025-12-14T17:44:44.653", "modified_date": "2025-12-14T17:44:44.775", "is_admin": true, "is_staff": true, "is_active": true, "is_superadmin": false, "groups": [], "user_permissions": []}}, {"model": "productividad.dailyactivity", "pk": 1, "fields": {"user": ["asd"], "date": "0012-12-12", "title": "14:00 - 14:30 | qwe", "description": "12121", "score": null, "scored_by": null, "scored_at": null, "created_at": "2025-12-09T16:40:27.732", "updated_at": "2025-12-09T16:40:27.732"}}, {"model": "productividad.dailyactivity", "pk": 2, "fields": {"user": ["braymundo"], "date": "2025-12-15", "title": "12:00 - 12:30 | Jorge Elias Lau", "description": "psoriasis", "score": null, "scored_by": null, "scored_at": null, "created_at": "2025-12-15T12:32:29.001", "updated_at": "2025-12-15T12:32:29.001"}}, {"model": "productividad.dailyactivity", "pk": 3, "fields": {"user": ["braymundo"], "date": "2025-12-16", "title": "15:30 - 16:00 | Damaris Ariana Pineda Ramos", "description": "Acne", "score": null, "scored_by": null, "scored_at": null, "created_at": "2025-12-16T15:23:54.108", "updated_at": "2025-12-16T15:23:54.108"}}, {"model": "productividad.dailyactivity", "pk": 4, "fields": {"user": ["braymundo"], "date": "2025-12-16", "title": "16:30 - 17:00 | Gina Luciana Benavides Marrou", "description": "Celulitis facial", "score": null, "scored_by": null, "scored_at": null, "created_at": "2025-12-16T16:53:14.340", "updated_at": "2025-12-16T16:53:14.340"}}, {"model": "productividad.dailyactivity", "pk": 5, "fields": {"user": ["braymundo"], "date": "2025-12-18", "title": "17:00 - 17:30 | Mario Luis Lopez Succar", "description": "ulcera en pierna  derecha", "score": null, "scored_by": null, "scored_at": null, "created_at": "2025-12-18T17:33:58.707", "updated_at": "2025-12-18T17:33:58.707"}}, {"model": "productividad.dailyactivity", "pk": 6, "fields": {"user": ["braymundo"], "date": "2025-12-19", "title": "17:30 - 18:00 | Salvado Rafel Lupa Arce", "description": "acne", "score": null, "scored_by": null, "scored_at": null, "created_at": "2025-12-19T18:35:50.549", "updated_at": "2025-12-19T18:35:50.549"}}, {"model": "productividad.dailyactivity", "pk": 7, "fields": {"user": ["braymundo"], "date": "2025-12-22", "title": "09:30 - 10:00 | Gisella Del Pilar Zuñiga Moreno", "description": "Manchas", "score": null, "scored_by": null, "scored_at": null, "created_at": "2025-12-22T10:28:20.238", "updated_at": "2025-12-22T10:28:20.238"}}, {"model": "productividad.dailyactivity", "pk": 8, "fields": {"user": ["braymundo"], "date": "2026-01-29", "title": "16:00 - 16:30 | Gisella Del Pilar Zuñiga Moreno", "description": "Manchas", "score": null, "scored_by": null, "scored_at": null, "created_at": "2025-12-22T10:42:16.230", "updated_at": "2025-12-22T10:42:16.230"}}, {"model": "productividad.dailyactivity", "pk": 9, "fields": {"user": ["braymundo"], "date": "2025-12-22", "title": "09:30 - 10:00 | Sofia Valert Fort", "description": "bruxismo", "score": null, "scored_by": null, "scored_at": null, "created_at": "2025-12-22T11:09:14.301", "updated_at": "2025-12-22T11:09:14.301"}}, {"model": "productividad.dailyactivity", "pk": 10, "fields": {"user": ["braymundo"], "date": "2025-12-22", "title": "12:30 - 13:00 | Jorge Luis Torrejón Herencia", "description": "Cicatrices", "score": null, "scored_by": null, "scored_at": null, "created_at": "2025-12-22T12:36:23.887", "updated_at": "2025-12-22T12:36:23.887"}}, {"model": "productividad.dailyactivity", "pk": 11, "fields": {"user": ["braymundo"], "date": "2025-12-22", "title": "13:00 - 13:30 | Daniela Valdivieso Herrera", "description": "melanoniquia", "score": null, "scored_by": null, "scored_at": null, "created_at": "2025-12-22T13:07:57.728", "updated_at": "2025-12-22T13:07:57.728"}}, {"model": "productividad.dailyactivity", "pk": 12, "fields": {"user": ["braymundo"], "date": "2025-12-23", "title": "16:30 - 17:00 | Sofia Rumaldo Condori", "description": "DErmatitis perioral", "score": null, "scored_by": null, "scored_at": null, "created_at": "2025-12-23T16:53:23.319", "updated_at": "2025-12-23T16:53:23.319"}}, {"model": "productividad.dailyactivity", "pk": 13, "fields": {"user": ["asd"], "date": "2025-12-30", "title": "16:00 - 16:30 | Ximena Anco Carrillo", "description": "Alergia", "score": null, "scored_by": null, "scored_at": null, "created_at": "2025-12-30T16:40:40.904", "updated_at": "2025-12-30T16:40:40.904"}}, {"model": "productividad.dailyactivity", "pk": 14, "fields": {"user": ["asd"], "date": "2025-12-30", "title": "16:30 - 17:00 | Gabriel Antonio Torres López", "description": "Alergia", "score": null, "scored_by": null, "scored_at": null, "created_at": "2025-12-30T17:28:31.141", "updated_at": "2025-12-30T17:28:31.141"}}, {"model": "productividad.dailyactivity", "pk": 15, "fields": {"user": ["asd"], "date": "2025-12-30", "title": "17:30 - 18:00 | Freddy Marcelino Villajuan Quiñones", "description": "Lunar en nariz", "score": null, "scored_by": null, "scored_at": null, "created_at": "2025-12-30T18:30:23.699", "updated_at": "2025-12-30T18:30:23.699"}}, {"model": "productividad.dailyactivity", "pk": 16, "fields": {"user": ["asd"], "date": "2025-12-30", "title": "16:30 - 17:00 | Lasissa Mitie Yui", "description": "eritema perioral", "score": null, "scored_by": null, "scored_at": null, "created_at": "2025-12-30T18:49:12.172", "updated_at": "2025-12-30T18:49:12.172"}}, {"model": "productividad.dailyactivity", "pk": 17, "fields": {"user": ["asd"], "date": "2025-12-30", "title": "17:30 - 18:00 | Diego Morales  Luna", "description": "acne", "score": null, "scored_by": null, "scored_at": null, "created_at": "2025-12-30T19:30:47.544", "updated_at": "2025-12-30T19:30:47.544"}}, {"model": "productividad.dailyactivity", "pk": 18, "fields": {"user": ["asd"], "date": "2026-01-05", "title": "10:00 - 10:30 | Ximena Alegra Padilla", "description": "acne", "score": null, "scored_by": null, "scored_at": null, "created_at": "2026-01-05T10:43:59.741", "updated_at": "2026-01-05T10:43:59.741"}}, {"model": "productividad.dailyactivity", "pk": 19, "fields": {"user": ["asd"], "date": "2026-01-05", "title": "11:00 - 11:30 | Marco Antonio Silva Perez", "description": "Acne", "score": null, "scored_by": null, "scored_at": null, "created_at": "2026-01-05T11:23:42.588", "updated_at": "2026-01-05T11:23:42.588"}}, {"model": "productividad.dailyactivity", "pk": 20, "fields": {"user": ["asd"], "date": "2026-01-05", "title": "11:30 - 12:00 | Camila Cuba Perez", "description": "Acne", "score": null, "scored_by": null, "scored_at": null, "created_at": "2026-01-05T11:44:36.959", "updated_at": "2026-01-05T11:44:36.959"}}, {"model": "productividad.dailyactivity", "pk": 21, "fields": {"user": ["asd"], "date": "2026-01-06", "title": "16:00 - 16:30 | Giuliana Padilla Alava", "description": "Prurito", "score": null, "scored_by": null, "scored_at": null, "created_at": "2026-01-06T16:27:20.894", "updated_at": "2026-01-06T16:27:20.894"}}, {"model": "productividad.dailyactivity", "pk": 22, "fields": {"user": ["asd"], "date": "2026-01-06", "title": "16:30 - 17:00 | Nataly Mostacero Montalvo", "description": "Prurito", "score": null, "scored_by": null, "scored_at": null, "created_at": "2026-01-06T17:04:01.256", "updated_at": "2026-01-06T17:04:01.256"}}, {"model": "productividad.dailyactivity", "pk": 23, "fields": {"user": ["asd"], "date": "2026-01-06", "title": "17:00 - 17:30 | Evelyn Venturo Gamarra", "description": "resultado de biopsia", "score": null, "scored_by": null, "scored_at": null, "created_at": "2026-01-06T17:24:04.995", "updated_at": "2026-01-06T17:24:04.995"}}, {"model": "productividad.dailyactivity", "pk": 24, "fields": {"user": ["asd"], "date": "2026-01-06", "title": "17:30 - 18:00 | Lorena Zegarra Tafur", "description": "Manchas", "score": null, "scored_by": null, "scored_at": null, "created_at": "2026-01-06T17:51:01.195", "updated_at": "2026-01-06T17:51:01.195"}}, {"model": "productividad.dailyactivity", "pk": 25, "fields": {"user": ["asd"], "date": "2026-01-06", "title": "17:30 - 18:00 | Elena Zoila Maguiña Huerta", "description": "Rosacea", "score": null, "scored_by": null, "scored_at": null, "created_at": "2026-01-06T19:06:43.350", "updated_at": "2026-01-06T19:06:43.350"}}, {"model": "productividad.dailyactivity", "pk": 26, "fields": {"user": ["asd"], "date": "2026-01-07", "title": "11:00 - 11:30 | Irma Soccola Kcomt", "description": "Manchas", "score": null, "scored_by": null, "scored_at": null, "created_at": "2026-01-07T11:20:33.702", "updated_at": "2026-01-07T11:20:33.702"}}, {"model": "productividad.dailyactivity", "pk": 27, "fields": {"user": ["asd"], "date": "2026-01-07", "title": "12:00 - 12:30 | Yohaira Bacilio Cuba", "description": "Psoriasis", "score": null, "scored_by": null, "scored_at": null, "created_at": "2026-01-07T12:06:43.377", "updated_at": "2026-01-07T12:06:43.377"}}, {"model": "productividad.dailyactivity", "pk": 28, "fields": {"user": ["asd"], "date": "2026-01-08", "title": "16:00 - 16:30 | Roberto Moncada Guanilo", "description": "Prurito en cuero cabelludo", "score": null, "scored_by": null, "scored_at": null, "created_at": "2026-01-08T16:46:03.597", "updated_at": "2026-01-08T16:46:03.597"}}, {"model": "productividad.dailyactivity", "pk": 29, "fields": {"user": ["asd"], "date": "2026-01-08", "title": "17:00 - 17:30 | Matias Peinado VAsquez", "description": "Acne", "score": null, "scored_by": null, "scored_at": null, "created_at": "2026-01-08T16:57:37.631", "updated_at": "2026-01-08T16:57:37.631"}}, {"model": "productividad.dailyactivity", "pk": 30, "fields": {"user": ["asd"], "date": "2026-01-08", "title": "17:30 - 18:00 | Sofia Fernanda Peinado Vasquez", "description": "Acne", "score": null, "scored_by": null, "scored_at": null, "created_at": "2026-01-08T17:13:15.105", "updated_at": "2026-01-08T17:13:15.105"}}, {"model": "productividad.dailyactivity", "pk": 31, "fields": {"user": ["asd"], "date": "2026-01-08", "title": "18:00 - 18:30 | Sofia Pizarro Fernandez", "description": "orzuelas a repeticion", "score": null, "scored_by": null, "scored_at": null, "created_at": "2026-01-08T18:14:59.436", "updated_at": "2026-01-08T18:14:59.436"}}, {"model": "productividad.dailyactivity", "pk": 32, "fields": {"user": ["asd"], "date": "2026-01-08", "title": "19:30 - 20:00 | Milagros Alva Lopez", "description": "Acne", "score": null, "scored_by": null, "scored_at": null, "created_at": "2026-01-08T19:45:19.411", "updated_at": "2026-01-08T19:45:19.411"}}, {"model": "productividad.dailyactivity", "pk": 33, "fields": {"user": ["asd"], "date": "2026-01-09", "title": "16:00 - 16:30 | Gina Luciana Benavides Marrou", "description": "Abceso en axila", "score": null, "scored_by": null, "scored_at": null, "created_at": "2026-01-09T16:06:43.114", "updated_at": "2026-01-09T16:06:43.114"}}, {"model": "productividad.dailyactivity", "pk": 34, "fields": {"user": ["asd"], "date": "2026-01-09", "title": "18:00 - 18:30 | Donatilde Capillo  Tarazona", "description": "Manchas", "score": null, "scored_by": null, "scored_at": null, "created_at": "2026-01-09T18:26:31.129", "updated_at": "2026-01-09T18:26:31.129"}}, {"model": "productividad.dailyactivity", "pk": 35, "fields": {"user": ["asd"], "date": "2026-01-09", "title": "18:30 - 19:00 | Nayeli  Tolentino Capillo", "description": "Caida de cabello", "score": null, "scored_by": null, "scored_at": null, "created_at": "2026-01-09T18:55:57.528", "updated_at": "2026-01-09T18:55:57.528"}}, {"model": "admin.logentry", "pk": 1, "fields": {"action_time": "2025-12-09T16:38:39.500", "user": ["asd"], "content_type": ["partidas_planos", "user"], "object_id": "1", "object_repr": "asd asd", "action_flag": 2, "change_message": "[{\"changed\": {\"fields\": [\"Role\"]}}]"}}]